"137263","Espelho de bolso duplo"
"137350A","Chaveiro de metal"
"137350B","Chaveiro de metal (retangular)"
"137350K","Chaveiro de metal"
"137350L","Chaveiro de metal"
"137350P","Chaveiro de metal (coração)"
"137350R","Chaveiro de metal (redondo)"
"137535","Espelho de bolso"
"138499A","Bloco p/ anotação (azul marinho)"
"138499P","Bloco p/ anotação (preto)"
"139385P","Jogo de pinceis c/ 5 pçs"
"139385T","Jogo de pinceis c/ 5 pçs"
"139388","Kit manicure c/ 6 pçs"
"139394","Balança para uso doméstico"
"139454","Canivete c/ 11 funções"
"139454A","Canivete c/ 11 funções"
"139482L","Chaveiro de metal"
"139482M","Chaveiro de metal"
"139735","Porta foto c/ relógio multifunção"
"140045","Espelho de bolso duplo"
"140068","Chaveiro c/ canivete c/ 3 funções"
"140070","Chaveiro c/ canivete c/ 4 funções"
"140078","Canivete c/ 7 funções"
"140092A","Quadro religioso c/ luz"
"140121","Kit manicure c/ 6 pçs"
"140135","Saca rolhas de metal"
"140153B","Porta cartão de metal"
"140232","Porta caneta c/ relógio de metal"
"140241","Espelho c/ aumento e base de alumínio"
"140252","Quadro religioso c/ luz"
"140274","Espelho c/ aumento e base (pequeno)"
"140275","Espelho c/ aumento e base (grande)"
"140276","Espelho c/ aumento e base (médio)"
"140303","Chaveiro de metal bola de futebol"
"140304","Chaveiro de metal jogador"
"140304A","Chaveiro de metal jogador"
"140304B","Chaveiro de metal jogador"
"140310","Kit ferramentas c/ 25 pçs e estojo"
"140313","Coqueteleira de metal 750 ml"
"140314","Coqueteleira de metal 550 ml"
"140324","Espelho c/ base"
"140395","Garrafa de metal 750 ml c/ estojo"
"140401","Mouse pad c/ calculadora"
"140402","Mouse pad c/ calculadora"
"140406","Coqueteleira de metal 350 ml"
"140873A","Chaveiro abridor de garrafa"
"140873P","Chaveiro abridor de garrafa"
"140873S","Chaveiro abridor de garrafa"
"140873V","Chaveiro abridor de garrafa"
"140879","Kit manicure c/ 12 pçs"
"140884","Alicate multifunção p/ pescaria"
"140888","Lanterna c/ relógio e bússola"
"140890","Rádio c/ relógio digital de plástico"
"140902A","Caneca plástica 450 ml"
"140902T","Caneca plástica 450 ml"
"140902V","Caneca plástica 450 ml"
"140919","Relógio multifunção de plástico"
"140922","Relógio multifunção c/ porta canetas"
"140923","Relógio c/ porta foto e porta canetas"
"140924","Relógio multifunção de plástico"
"140926","Lupa 75mm c/ luz"
"140927","Lupa 90mm c/ luz"
"140943","Espelho de bolso duplo"
"140944","Espelho de bolso duplo"
"140963A","Kit caneta e lapiseira com chaveiro e canivete"
"140963B","Kit caneta e lapiseira com chaveiro e canivete"
"140964A","Kit caneta e lapiseira com chaveiro"
"140964B","Kit caneta e lapiseira com chaveiro"
"140975A","Caneca plástica 400 ml"
"140975E","Caneca plástica 400 ml"
"140975G","Caneca plástica 400 ml"
"140975L","Caneca plástica 400 ml"
"140975T","Caneca plástica 400 ml"
"140975V","Caneca plástica 400 ml"
"141018","Squeeze de metal 400 ml"
"141018A","Squeeze de metal 400 ml"
"141018B","Squeeze de metal 400 ml"
"141018G","Squeeze de metal 400 ml"
"141018V","Squeeze de metal 400 ml"
"141019","Squeeze de metal 600 ml"
"141019A","Squeeze de metal 600 ml"
"141019B","Squeeze de metal 600 ml"
"141019V","Squeeze de metal 600 ml"
"141173","Luminária de plástico p/ leitura"
"141176","Relógio multifunção plástico"
"141177","Rádio relógio multifunção plástico"
"141193","Espelho c/ aumento e base metal"
"141200","Kit churrasco c/ 17 pçs"
"141229","Canivete c/ 7 funções"
"141231","Balança p/ cozinha digital"
"141232","Balança p/ cozinha digital"
"141235","Jogo de ferramentas c/ 6 pçs"
"141237","Espelho de bolso duplo c/ luz"
"141244A","Bloco p/ anotação (azul marinho)"
"141244P","Bloco p/ anotação (preto)"
"141253","Régua plástica c/ calculadora"
"141263","Espelho de bolso duplo c/ aumento"
"141264","Espelho de bolso duplo c/ luz"
"141266","Garrafa de metal 1 litro c/ estojo"
"141267","Moedor de pimenta de metal"
"141268","Kit ferramentas c/ 8 pçs"
"141275M","Kit queijo c/ 6 pçs (ímã)"
"141276A","Kit queijo c/ 5 pçs"
"141283","Lanterna c/ kit ferramentas"
"141284","Lanterna c/ kit ferramentas"
"141295","Caneca de metal e plástico 400 ml"
"141306","Cantil de metal 235 ml (8 oz)"
"141307","Cantil de metal 200 ml (7 oz)"
"141705","Chaveiro de metal"
"141706","Chaveiro de metal"
"141708B","Espelho e escova de bolso"
"141709","Mosquetão c/ bússola"
"141713","Chaveiro de metal giratório"
"141716","Cantil de metal 265 ml (9 oz)"
"141719","Garrafa de metal 500 ml c/ estojo"
"141730","Saca rolhas de metal"
"141733A","Kit queijo c/ 5 pçs"
"141734","Kit churrasco c/ avental"
"141739","Saca rolhas de metal c/ base"
"141742","Squeeze de metal 500 ml"
"141742A","Squeeze de metal 500 ml"
"141742B","Squeeze de metal 500 ml"
"141742G","Squeeze de metal 500 ml"
"141742L","Squeeze de metal 500 ml"
"141742V","Squeeze de metal 500 ml"
"141742W","Squeeze de metal 500 ml"
"141742Y","Squeeze de metal 500 ml"
"141750P","Calculadora"
"141764","Conjunto mini ferramentas de precisão"
"141767C","Kit costura com estojo"
"141767P","Kit costura com estojo"
"141771","Alicate com canivete e prendedor"
"141774","Alicate multifunção"
"141780","Chaveiro de metal giratório"
"141780B","Chaveiro de metal giratório"
"141780C","Chaveiro de metal giratório"
"141780D","Chaveiro de metal giratório"
"141780R","Chaveiro de metal giratório"
"141797","Chaveiro de metal giratório"
"141808","Vaporizador de perfume 5 ml"
"141809","Vaporizador de perfume 8 ml"
"141810","Kit caneta e lapiseira com chaveiro e canivete"
"141810A","Kit caneta e lapiseira com chaveiro e canivete"
"141810B","Kit caneta e lapiseira com chaveiro e canivete"
"141813","Caneca de metal 450 ml"
"141816","Saca rolhas de metal"
"141821A","Caneca portátil plástica"
"141821T","Caneca portátil plástica"
"141823","Porta caneta com relógio digital"
"141825P","Squeeze de metal 500 ml"
"141832","Chaveiro de metal"
"141836","Canivete c/ 4 funções"
"141837","Lanterna plástica c/ chaveiro"
"141837A","Lanterna plástica c/ chaveiro"
"141837S","Lanterna plástica c/ chaveiro"
"141837V","Lanterna plástica c/ chaveiro"
"141838","Lanterna plástica c/ chaveiro"
"141838A","Lanterna plástica c/ chaveiro"
"141838S","Lanterna plástica c/ chaveiro"
"141838V","Lanterna plástica c/ chaveiro"
"141839","Kit ferramentas c/ 6 pçs"
"141851S","Kit manicure c/ 11 pçs e estojo"
"141851V","Kit manicure c/ 11 pçs e estojo"
"141854A","Bloco p/ anotação (azul marinho)"
"141854P","Bloco p/ anotação (preto)"
"141859","Mini kit costura"
"141863","Pinça de metal c/ luz"
"141864","Lanterna de plástico recarregável"
"141864A","Lanterna de plástico recarregável"
"141864V","Lanterna de plástico recarregável"
"141867","Canivete com talheres"
"141868","Kit churrasco c/ 8 pçs"
"141868C","Kit churrasco c/ 8 pçs"
"141869","Kit churrasco c/ 4 pçs"
"141872","Lanterna de plástico recarregável"
"141873D","Kit pinceis c/ 5 pçs"
"141876P","Chaveiro de metal"
"141878","Porta foto de alumínio 10x15 cm"
"141883B","Caneca plástica 400 ml"
"141883P","Caneca plástica 400 ml"
"141883V","Caneca plástica 400 ml"
"141884A","Caneca plástica 400 ml"
"141884G","Caneca plástica 400 ml"
"141884T","Caneca plástica 400 ml"
"141884V","Caneca plástica 400 ml"
"141887A","Kit queijo c/ 5 pçs"
"141889","Kit churrasco c/ 3 pçs"
"141890P","Kit churrasco c/ 4 pçs"
"141891P","Kit vinho c/ 5 pçs e estojo"
"141892P","Kit vinho c/ 4 pçs e estojo"
"141899","Moedor de pimenta manual"
"141900","Moedor de pimenta manual"
"143001A","Kit ferramentas c/ 4 pçs"
"143001P","Kit ferramentas c/ 4 pçs"
"143001V","Kit ferramentas c/ 4 pçs"
"143002A","Kit queijo c/ 3 pçs"
"143004P","Kit churrasco c/ 3 pçs"
"143005","Relógio digital c/ prendedor"
"143007","Kit costura c/ estojo"
"143008","Kit costura c/ estojo"
"143013","Canivete c/ 4 funções"
"143016","Lupa plástica c/ luz"
"143019","Chaveiro de metal"
"143020A","Chaveiro plástico c/ luz"
"143020P","Chaveiro plástico c/ luz"
"143020V","Chaveiro plástico c/ luz"
"143021A","Chaveiro plástico c/ luz"
"143021P","Chaveiro plástico c/ luz"
"143021V","Chaveiro plástico c/ luz"
"143023","Kit churrasco c/ 5 pçs"
"143024","Chaveiro de metal abaulado"
"143025","Chaveiro de metal giratório"
"143027","Squeeze de metal 500 ml"
"143027A","Squeeze de metal 500 ml"
"143027V","Squeeze de metal 500 ml"
"143028","Kit caneta e lapiseira com chaveiro e porta cartão"
"143029","Jogo de ferramentas c/ 4 pçs"
"143035","Kit churrasco c/ 2 pçs"
"143035P","Kit churrasco c/ 2 pçs"
"143036","Kit churrasco c/ 4 pçs"
"143038","Caneca de metal 180 ml"
"143039A","Kit queijo c/ 4 pçs"
"143040","Garrafa de metal 350 ml"
"143042","Porta copo de metal"
"143045","Relógio digital plástico"
"143058","Lanterna c/ kit ferramentas"
"143059","Kit vinho c/ 4 pçs"
"143060","Kit vinho c/ 4 pçs"
"143062","Kit vinho c/ 2 pçs"
"143064","Jogo de talheres dobráveis"
"143066","Mini luminária p/ leitura c/ clip"
"143067","Mini luminária p/ leitura c/ clip"
"143069R","Chaveiro de metal"
"143072","Mini lâmpada p/ leitura c/ clip"
"143075","Balança para uso doméstico"
"143076","Lupa de plástico c/ capa"
"143077","Porta caneta c/ bloco p/ anotação"
"143078","Porta caneta c/ bloco p/ anotação"
"143083","Kit vinho c/ 4 pçs"
"143084","Kit vinho c/ 4 pçs"
"143085A","Jogo de ferramentas c/ 6 pçs"
"143085P","Jogo de ferramentas c/ 6 pçs"
"143085V","Jogo de ferramentas c/ 6 pçs"
"143086","Gancho de metal p/ bolsas"
"143086P","Gancho de metal p/ bolsas"
"143087","Gancho de metal p/ bolsas"
"143088","Gancho de metal p/ bolsas"
"143091A","Caneca plástica 400 ml"
"143091C","Caneca plástica 400 ml"
"143091T","Caneca plástica 400 ml"
"143091V","Caneca plástica 400 ml"
"143092","Jogo de facas p/ cozinha c/ estojo"
"143096A","Copo plástico 400 ml"
"143096T","Copo plástico 400 ml"
"143096V","Copo plástico 400 ml"
"143099","Saca rolhas c/ abridor e canivete"
"143099A","Saca rolhas c/ abridor e canivete"
"143099V","Saca rolhas c/ abridor e canivete"
"143102","Relógio plástico c/ calculadora"
"143104P","Gancho de metal p/ bolsas"
"143105","Chaveiro de metal (calendário)"
"143106A","Tampa de metal p/ garrafa"
"143107P","Kit churrasco c/ 5 pçs"
"143113","Balança portátil"
"143113P","Balança portátil"
"143114","Saca rolhas de metal"
"143116T","Copo plástico 400 ml"
"143117","Porta copos de metal"
"143118","Porta copos de metal"
"143119","Porta caneta c/ mini relógio"
"143119S","Porta caneta c/ mini relógio"
"143121","Chaveiro abridor de garrafa"
"143122","Kit ferramentas c/ estojo"
"143123A","Canivete c/ bússola"
"143123P","Canivete c/ bússola"
"143124","Ferramenta de metal c/ 11 funções"
"143126P","Mini balança"
"143127","Espelho de bolso duplo"
"143128","Kit manicure c/ 5 pçs (plástico c/ tampa transparente)"
"143129","Jogo de facas c/ 5 pçs"
"143130A","Jogo de ferramentas c/ 6 pçs"
"143130C","Jogo de ferramentas c/ 6 pçs"
"143130V","Jogo de ferramentas c/ 6 pçs"
"143131","Espelho de bolso duplo"
"143132A","Bloco p/ anotação c/ refil"
"143132C","Bloco p/ anotação c/ refil"
"143132P","Bloco p/ anotação c/ refil"
"143132V","Bloco p/ anotação c/ refil"
"143133","Kit churrasco c/ 6 pçs"
"143134","Kit churrasco c/ 7 pçs"
"143135","Kit churrasco c/ 8 pçs"
"143136","Chaveiro de metal giratório"
"143137","Relógio c/ porta foto e porta canetas"
"143138A","Mini lanterna manual"
"143138P","Mini lanterna manual"
"143138S","Mini lanterna manual"
"143138V","Mini lanterna manual"
"143139P","Lanterna plástica c/ chaveiro"
"143140A","Mini lanterna manual c/ mosquetão"
"143140P","Mini lanterna manual c/ mosquetão"
"143140S","Mini lanterna manual c/ mosquetão"
"143140V","Mini lanterna manual c/ mosquetão"
"143142","Mouse pad c/ calculadora"
"143142P","Mouse pad c/ calculadora"
"143143A","Squeeze plástico 450 ml"
"143143G","Squeeze plástico 450 ml"
"143143P","Squeeze plástico 450 ml"
"143143V","Squeeze plástico 450 ml"
"143144","Kit queijo c/ 4 pçs"
"143145","Kit queijo c/ 5 pçs"
"143146","Moedor de pimenta manual e saleiro"
"143147A","Squeeze de metal 600 ml"
"143147P","Squeeze de metal 600 ml"
"143147V","Squeeze de metal 600 ml"
"143150","Lanterna c/ kit ferramentas"
"143151A","Mini chave de fenda e estojo"
"143151P","Mini chave de fenda e estojo"
"143151V","Mini chave de fenda e estojo"
"143152","Lanterna c/ kit ferramentas"
"143155","Kit manicure c/ 10 pçs"
"143156","Chaveiro c/ canivete c/ 4 funções"
"143157","Chaveiro c/ canivete c/ 4 funções"
"143158B","Chaveiro de metal"
"143158R","Chaveiro de metal"
"143159A","Estojo c/ bloco p/ anotação"
"143159B","Estojo c/ bloco p/ anotação"
"143159C","Estojo c/ bloco p/ anotação"
"143159L","Estojo c/ bloco p/ anotação"
"143159P","Estojo c/ bloco p/ anotação"
"143159V","Estojo c/ bloco p/ anotação"
"143161","Bloco p/ anotação"
"143162","Porta cartão de metal"
"143163M","Porta cartão de couro sintético"
"143163P","Porta cartão de couro sintético"
"143164P","Chaveiro de metal"
"143165A","Chaveiro de metal giratório"
"143165I","Chaveiro de metal giratório"
"143166","Kit gourmet c/ 4 pçs"
"143167","Kit gourmet c/ 5 pçs"
"143168G","Kit churrasco c/ 6 pçs"
"143170A","Chaveiro de metal"
"143170L","Chaveiro de metal"
"143170P","Chaveiro de metal"
"143170V","Chaveiro de metal"
"143171A","Chaveiro giratório"
"143171G","Chaveiro giratório"
"143171L","Chaveiro giratório"
"143171P","Chaveiro giratório"
"143171V","Chaveiro giratório"
"143172","Saca rolhas de metal"
"143174","Calculadora eletrônica"
"143175","Luz de LED p/ notebook"
"143176A","Squeeze plástico dobrável 450 ml"
"143176B","Squeeze plástico dobrável 450 ml"
"143176C","Squeeze plástico dobrável 450 ml"
"143176G","Squeeze plástico dobrável 450 ml"
"143176L","Squeeze plástico dobrável 450 ml"
"143176P","Squeeze plástico dobrável 450 ml"
"143176R","Squeeze plástico dobrável 450 ml"
"143176V","Squeeze plástico dobrável 450 ml"
"143176Y","Squeeze plástico dobrável 450 ml"
"143180","Bico dosador p/ garrafa"
"143181","Chaveiro de metal c/ cortador de unha"
"143182A","Lanterna c/ jogo de ferramentas"
"143182P","Lanterna c/ jogo de ferramentas"
"143182V","Lanterna c/ jogo de ferramentas"
"143183","Kit churrasco c/ 4 pçs"
"143184","Kit churrasco c/ 3 pçs"
"143185","Kit queijo c/ 5 pçs"
"143186A","Squeeze plástico com canudo 400 ml"
"143186G","Squeeze plástico com canudo 400 ml"
"143186P","Squeeze plástico com canudo 400 ml"
"143186V","Squeeze plástico com canudo 400 ml"
"143187A","Garrafa 500 ml"
"143187S","Garrafa 500 ml"
"143187V","Garrafa 500 ml"
"143188","Espelho de bolso duplo"
"143189","Espelho de bolso duplo"
"143190","Kit vinho c/ 5 pçs"
"143191B","Chaveiro de metal"
"143191K","Chaveiro de metal"
"143191R","Chaveiro de metal"
"143192A","Squeeze plástico 600 ml"
"143192P","Squeeze plástico 600 ml"
"143192V","Squeeze plástico 600 ml"
"143193","Canivete de metal"
"143197","Vaporizador de perfume 10 ml"
"143198","Espelho de bolso duplo"
"143199","Kit churrasco c/ 18 pçs"
"143200A","Chaveiro de metal"
"143201A","Chaveiro de metal"
"143203A","Estojo c/ bloco p/ anotação"
"143203B","Estojo c/ bloco p/ anotação"
"143203C","Estojo c/ bloco p/ anotação"
"143203V","Estojo c/ bloco p/ anotação"
"143204","Caneca de metal 180 ml"
"143205A","Lanterna portátil c/ clip"
"143205B","Lanterna portátil c/ clip"
"143205C","Lanterna portátil c/ clip"
"143207P","Lanterna plástica c/ chaveiro"
"143207V","Lanterna plástica c/ chaveiro"
"143209A","Chaveiro de metal"
"143210","Chaveiro c/ bússola e luz"
"143211P","Kit vinho c/ 4 pçs e estojo"
"143212","Porta batom"
"143213A","Chaveiro de metal"
"143214","Kit churrasco c/ 3 pçs"
"143215","Kit churrasco c/ 4 pçs"
"143216","Kit queijo c/ 4 pçs"
"143217A","Squeeze de metal 700 ml"
"143217S","Squeeze de metal 700 ml"
"143217V","Squeeze de metal 700 ml"
"143218A","Squeeze 750 ml"
"143218S","Squeeze 750 ml"
"143218V","Squeeze 750 ml"
"143219A","Caneca 400 ml"
"143219P","Caneca 400 ml"
"143219V","Caneca 400 ml"
"143220","Lanterna c/ kit ferramentas"
"143221","Kit ferramentas c/ estojo formato de pneu"
"143222","Chaveiro de metal"
"143223","Kit churrasco c/ 5 pçs"
"143224","Kit churrasco c/ 5 pçs"
"143225","Kit churrasco c/ 5 pçs"
"143226A","Lanterna c/ kit ferramentas"
"143226P","Lanterna c/ kit ferramentas"
"143226V","Lanterna c/ kit ferramentas"
"143227A","Conjunto p/ costura"
"143227P","Conjunto p/ costura"
"143227V","Conjunto p/ costura"
"143228A","Saca rolhas de plástico e metal"
"143228P","Saca rolhas de plástico e metal"
"143229A","Lanterna de plástico portátil c/ ímã"
"143229P","Lanterna de plástico portátil c/ ímã"
"143229V","Lanterna de plástico portátil c/ ímã"
"143230A","Chaveiro de metal giratório"
"143230P","Chaveiro de metal giratório"
"143230V","Chaveiro de metal giratório"
"143231","Chaveiro de metal"
"143232","Bloco p/ anotação"
"143233","Bloco p/ anotação"
"143234","Bloco p/ anotação"
"143235","Chaveiro de metal (abridor)"
"143236","Chaveiro de metal (abridor)"
"143237","Porta comprimidos"
"143238","Porta comprimidos"
"143239","Lupa de plástico - 50 mm"
"143240","Lupa de plástico - 75 mm"
"143241","Kit p/ pizza"
"143242","Chaveiro de metal"
"143243P","Squeeze plástico 400 ml"
"143244P","Squeeze plástico 600 ml"
"143245A","Squeeze plástico 600 ml"
"143245P","Squeeze plástico 600 ml"
"143246A","Squeeze plástico 600 ml"
"143246P","Squeeze plástico 600 ml"
"143247","Moedor de pimenta manual"
"143248","Moedor de pimenta manual"
"143249","Chaveiro de metal"
"143250","Moedor de pimenta manual"
"143251","Kit ferramentas c/ estojo formato de pneu"
"143252","Kit ferramentas c/ estojo formato de pneu"
"143253S","Porta recado quadrado"
"143253V","Porta recado quadrado"
"143254A","Porta recado oval"
"143254S","Porta recado oval"
"143255","Chaveiro de metal"
"143256","Chaveiro de metal"
"143257","Espelho de bolso duplo de metal c/ aumento"
"143258","Espelho de bolso duplo de metal c/ aumento"
"143259","Espelho de bolso duplo de metal c/ aumento (oval)"
"143260","Espelho de bolso duplo de metal c/ aumento (redondo)"
"143261","Chaveiro de metal (porta celular)"
"143262","Chaveiro de metal (porta foto)"
"143263","Chaveiro de metal (porta foto)"
"143264","Chaveiro de metal (porta foto)"
"143265","Chaveiro de metal (porta foto)"
"143266","Calculadora eletrônica"
"143267","Kit churrasco c/ 4 pçs"
"143268","Kit churrasco c/ 4 pçs"
"143269","Kit queijo c/ 4 pçs"
"143270","Kit queijo c/ 4 pçs"
"143271","Kit churrasco c/ 4 pçs"
"143272","Kit queijo c/ 3 pçs"
"143273A","Mini lanterna manual"
"143273P","Mini lanterna manual"
"143273S","Mini lanterna manual"
"143274","Kit ferramentas c/ estojo"
"143275A","Garrafa 450 ml"
"143275D","Garrafa 450 ml"
"143275P","Garrafa 450 ml"
"143275S","Garrafa 450 ml"
"143275W","Garrafa 450 ml"
"143276","Kit vinho c/ 5 pçs"
"143277","Kit vinho c/ 5 pçs"
"143278","Porta celular de madeira"
"143279A","Mini lanterna manual"
"143279P","Mini lanterna manual"
"143279S","Mini lanterna manual"
"143280A","Garrafa 450 ml"
"143280D","Garrafa 450 ml"
"143280P","Garrafa 450 ml"
"143280S","Garrafa 450 ml"
"143280V","Garrafa 450 ml"
"143281A","Garrafa 450 ml"
"143281D","Garrafa 450 ml"
"143281P","Garrafa 450 ml"
"143281S","Garrafa 450 ml"
"143281V","Garrafa 450 ml"
"143282","Kit churrasco c/ 10 pçs"
"143283","Kit churrasco c/ 3 pçs"
"143284","Kit churrasco c/ 3 pçs"
"143285","Kit vinho c/ 2 pçs"
"143286","Kit vinho c/ 2 pçs"
"143287","Kit vinho c/ 3 pçs"
"143288","Lanterna c/ kit ferramentas"
"143289","Kit ferramentas c/ estojo"
"143290","Kit ferramentas c/ estojo"
"143291","Kit ferramentas c/ estojo"
"143292A","Mini jogo de ferramentas"
"143292P","Mini jogo de ferramentas"
"143293A","Kit manicure c/ 4 pçs"
"143293P","Kit manicure c/ 4 pçs"
"143293V","Kit manicure c/ 4 pçs"
"143294A","Abridor de garrafa com ímã"
"143294B","Abridor de garrafa com ímã"
"143294G","Abridor de garrafa com ímã"
"143295A","Porta celular de plástico"
"143295P","Porta celular de plástico"
"143295V","Porta celular de plástico"
"143295W","Porta celular de plástico"
"143296A","Porta celular de plástico"
"143296P","Porta celular de plástico"
"143296W","Porta celular de plástico"
"143297A","Estojo c/ bloco p/ anotação"
"143297P","Estojo c/ bloco p/ anotação"
"143297V","Estojo c/ bloco p/ anotação"
"143297W","Estojo c/ bloco p/ anotação"
"143298A","Mini jogo de ferramentas"
"143298P","Mini jogo de ferramentas"
"143299V","Porta comprimidos de plástico"
"143300W","Porta comprimidos de plástico"
"143301V","Porta comprimidos de plástico"
"143302A","Squeeze plástico 600 ml"
"143302G","Squeeze plástico 600 ml"
"143302P","Squeeze plástico 600 ml"
"143302R","Squeeze plástico 600 ml"
"143303","Power bank 10400 mAh"
"143304","Power bank 5200 mAh"
"143305","Power bank 8000 mAh"
"143306P","Power bank 2600 mAh"
"143306W","Power bank 2600 mAh"
"143307","Power bank 2600 mAh"
"143308","Power bank 2600 mAh"
"143309","Power bank 2600 mAh"
"143310","Porta celular de plástico"
"143311","Porta celular de plástico"
"143312","Porta celular de plástico"
"143313A","Porta celular de plástico"
"143313P","Porta celular de plástico"
"143313V","Porta celular de plástico"
"143313W","Porta celular de plástico"
"143314A","Porta celular de plástico"
"143314P","Porta celular de plástico"
"143314V","Porta celular de plástico"
"143314W","Porta celular de plástico"
"143315","Power bank 5600 mAh"
"143316P","Kit manicure c/ 6 pçs"
"143316R","Kit manicure c/ 6 pçs"
"143316S","Kit manicure c/ 6 pçs"
"143317P","Kit manicure c/ 7 pçs"
"143317R","Kit manicure c/ 7 pçs"
"143317S","Kit manicure c/ 7 pçs"
"143318P","Kit manicure c/ 11 pçs"
"143318S","Kit manicure c/ 11 pçs"
"143319","Porta comprimidos de metal"
"143320","Porta comprimidos de metal"
"143321","Porta comprimidos de metal"
"143322","Canivete multifunção"
"143323","Estojo c/ bloco p/ anotação e caneta"
"143323P","Estojo c/ bloco p/ anotação e caneta"
"143324","Caderneta p/ anotação e caneta"
"143324P","Caderneta p/ anotação e caneta"
"143325","Caderneta p/ anotação e caneta"
"143325P","Caderneta p/ anotação e caneta"
"143326","Caderneta p/ anotação e caneta"
"143327","Caderneta p/ anotação e caneta"
"143328","Kit churrasco c/ 3 pçs"
"143329","Kit churrasco c/ 4 pçs"
"143330","Saca rolhas c/ abridor e canivete"