"Categoria - Balanças","139394"
"Categoria - Balanças","141231"
"Categoria - Balanças","141232"
"Categoria - Balanças","143075"
"Categoria - Balanças","143113"
"Categoria - Balanças","143126P"
"Categoria - Cantis para Whisky","141306"
"Categoria - Cantis para Whisky","141307"
"Categoria - Cantis para Whisky","141716"
"Categoria - Coqueteleiras","140313"
"Categoria - Coqueteleiras","140314"
"Categoria - Coqueteleiras","140406"
"Categoria - Espelhos","137263"
"Categoria - Espelhos","137535"
"Categoria - Espelhos","140045"
"Categoria - Espelhos","140241"
"Categoria - Espelhos","140274"
"Categoria - Espelhos","140275"
"Categoria - Espelhos","140276"
"Categoria - Espelhos","140324"
"Categoria - Espelhos","140943"
"Categoria - Espelhos","140944"
"Categoria - Espelhos","141193"
"Categoria - Espelhos","141237"
"Categoria - Espelhos","141263"
"Categoria - Espelhos","141264"
"Categoria - Espelhos","141708B"
"Categoria - Espelhos","143127"
"Categoria - Espelhos","143131"
"Categoria - Espelhos","143188"
"Categoria - Espelhos","143189"
"Categoria - Espelhos","143198"
"Categoria - Espelhos","143257"
"Categoria - Espelhos","143258"
"Categoria - Espelhos","143259"
"Categoria - Espelhos","143260"
"Categoria - Kits Costuras","141767C"
"Categoria - Kits Costuras","141767P"
"Categoria - Kits Costuras","141859"
"Categoria - Kits Costuras","143007"
"Categoria - Kits Costuras","143008"
"Categoria - Kits Costuras","143227A"
"Categoria - Kits Costuras","143227P"
"Categoria - Kits Costuras","143227V"
"Categoria - Kits Cozinhas","141267"
"Categoria - Kits Cozinhas","141899"
"Categoria - Kits Cozinhas","141900"
"Categoria - Kits Cozinhas","143064"
"Categoria - Kits Cozinhas","143092"
"Categoria - Kits Cozinhas","143129"
"Categoria - Kits Cozinhas","143146"
"Categoria - Kits Cozinhas","143166"
"Categoria - Kits Cozinhas","143167"
"Categoria - Kits Cozinhas","143247"
"Categoria - Kits Cozinhas","143248"
"Categoria - Kits Cozinhas","143250"
"Categoria - Kits Pizzas","143241"
"Categoria - Kits Queijos","141275M"
"Categoria - Kits Queijos","141276A"
"Categoria - Kits Queijos","141733A"
"Categoria - Kits Queijos","141887A"
"Categoria - Kits Queijos","143002A"
"Categoria - Kits Queijos","143039A"
"Categoria - Kits Queijos","143144"
"Categoria - Kits Queijos","143145"
"Categoria - Kits Queijos","143185"
"Categoria - Kits Queijos","143216"
"Categoria - Kits Queijos","143269"
"Categoria - Kits Queijos","143270"
"Categoria - Kits Queijos","143272"
"Categoria - Pinças","141863"
"Categoria - Porta Batons","143212"
"Categoria - Porta Bolsas","143086"
"Categoria - Porta Bolsas","143086P"
"Categoria - Porta Bolsas","143087"
"Categoria - Porta Bolsas","143088"
"Categoria - Porta Bolsas","143104P"
"Categoria - Porta Canetas","140232"
"Categoria - Porta Canetas","140922"
"Categoria - Porta Canetas","140923"
"Categoria - Porta Canetas","141823"
"Categoria - Porta Canetas","143119"
"Categoria - Porta Canetas","143119S"
"Categoria - Porta Canetas","143137"
"Categoria - Porta Cartões","140153B"
"Categoria - Porta Cartões","143162"
"Categoria - Porta Cartões","143163M"
"Categoria - Porta Cartões","143163P"
"Categoria - Porta Copos","143042"
"Categoria - Porta Copos","143117"
"Categoria - Porta Copos","143118"
"Categoria - Porta Perfumes","141808"
"Categoria - Porta Perfumes","141809"
"Categoria - Porta Perfumes","143197"
"Categoria - Porta Recados","143253S"
"Categoria - Porta Recados","143253V"
"Categoria - Porta Recados","143254A"
"Categoria - Porta Recados","143254S"
"Categoria - Relógios","139735"
"Categoria - Relógios","140232"
"Categoria - Relógios","140888"
"Categoria - Relógios","140890"
"Categoria - Relógios","140919"
"Categoria - Relógios","140922"
"Categoria - Relógios","140923"
"Categoria - Relógios","140924"
"Categoria - Relógios","141176"
"Categoria - Relógios","141823"
"Categoria - Relógios","143005"
"Categoria - Relógios","143045"
"Categoria - Relógios","143102"
"Categoria - Relógios","143119"
"Categoria - Relógios","143119S"
"Categoria - Relógios","143137"
"Artigos Religiosos - Quadros","140092A"
"Artigos Religiosos - Quadros","140252"
"Categoria - Artigos Religiosos","140092A"
"Categoria - Artigos Religiosos","140252"
"Categoria - Artigos Religiosos","141713"
"Categoria - Artigos Religiosos","141780"
"Categoria - Artigos Religiosos","141797"
"Categoria - Artigos Religiosos","141832"
"Categoria - Artigos Religiosos","143019"
"Categoria - Artigos Religiosos","143165A"
"Categoria - Artigos Religiosos","143165I"
"Categoria - Artigos Religiosos","143181"
"Categoria - Artigos Religiosos","143200A"
"Categoria - Artigos Religiosos","143201A"
"Categoria - Artigos Religiosos","143209A"
"Categoria - Artigos Religiosos","143213A"
"Categoria - Artigos Religiosos","143231"
"Categoria - Artigos Religiosos","143242"
"Artigos Religiosos - Chaveiros","141713"
"Artigos Religiosos - Chaveiros","141780"
"Artigos Religiosos - Chaveiros","141797"
"Artigos Religiosos - Chaveiros","141832"
"Artigos Religiosos - Chaveiros","143019"
"Artigos Religiosos - Chaveiros","143165A"
"Artigos Religiosos - Chaveiros","143165I"
"Artigos Religiosos - Chaveiros","143181"
"Artigos Religiosos - Chaveiros","143200A"
"Artigos Religiosos - Chaveiros","143201A"
"Artigos Religiosos - Chaveiros","143209A"
"Artigos Religiosos - Chaveiros","143213A"
"Artigos Religiosos - Chaveiros","143231"
"Artigos Religiosos - Chaveiros","143242"
"Squeezes Dobráveis","143176A"
"Squeezes Dobráveis","143176B"
"Squeezes Dobráveis","143176C"
"Squeezes Dobráveis","143176G"
"Squeezes Dobráveis","143176L"
"Squeezes Dobráveis","143176P"
"Squeezes Dobráveis","143176R"
"Squeezes Dobráveis","143176V"
"Squeezes Dobráveis","143176Y"
"Espelhos de Mesa","140241"
"Espelhos de Mesa","140274"
"Espelhos de Mesa","140275"
"Espelhos de Mesa","140276"
"Espelhos de Mesa","140324"
"Espelhos de Mesa","141193"
"Espelhos de Bolso","137263"
"Espelhos de Bolso","137535"
"Espelhos de Bolso","140045"
"Espelhos de Bolso","140943"
"Espelhos de Bolso","140944"
"Espelhos de Bolso","141237"
"Espelhos de Bolso","141263"
"Espelhos de Bolso","141264"
"Espelhos de Bolso","141708B"
"Espelhos de Bolso","143127"
"Espelhos de Bolso","143131"
"Espelhos de Bolso","143188"
"Espelhos de Bolso","143189"
"Espelhos de Bolso","143198"
"Espelhos de Bolso","143257"
"Espelhos de Bolso","143258"
"Espelhos de Bolso","143259"
"Espelhos de Bolso","143260"
"Kits Manicures Masculinos","140879"
"Kits Manicures Masculinos","143155"
"Categoria - Porta Fotos","139735"
"Categoria - Porta Fotos","140923"
"Categoria - Porta Fotos","141878"
"Categoria - Porta Fotos","143137"
"Categoria - Porta Fotos","143262"
"Categoria - Porta Fotos","143263"
"Categoria - Porta Fotos","143264"
"Categoria - Porta Fotos","143265"
"Categoria - Porta Fotos","143069R"
"Chaveiros Porta Fotos","143069R"
"Chaveiros Porta Fotos","143262"
"Chaveiros Porta Fotos","143263"
"Chaveiros Porta Fotos","143264"
"Chaveiros Porta Fotos","143265"
"Chaveiros Coloridos","140873A"
"Chaveiros Coloridos","140873P"
"Chaveiros Coloridos","140873S"
"Chaveiros Coloridos","140873V"
"Chaveiros Coloridos","141837"
"Chaveiros Coloridos","141837A"
"Chaveiros Coloridos","141837S"
"Chaveiros Coloridos","141837V"
"Chaveiros Coloridos","141838"
"Chaveiros Coloridos","141838A"
"Chaveiros Coloridos","141838S"
"Chaveiros Coloridos","141838V"
"Chaveiros Coloridos","143020A"
"Chaveiros Coloridos","143020P"
"Chaveiros Coloridos","143020V"
"Chaveiros Coloridos","143021A"
"Chaveiros Coloridos","143021P"
"Chaveiros Coloridos","143021V"
"Chaveiros Coloridos","143139P"
"Chaveiros Coloridos","143140A"
"Chaveiros Coloridos","143140P"
"Chaveiros Coloridos","143140S"
"Chaveiros Coloridos","143140V"
"Chaveiros Coloridos","143151V"
"Chaveiros Coloridos","143151A"
"Chaveiros Coloridos","143151P"
"Chaveiros Coloridos","143170A"
"Chaveiros Coloridos","143170L"
"Chaveiros Coloridos","143170P"
"Chaveiros Coloridos","143170V"
"Chaveiros Coloridos","143171A"
"Chaveiros Coloridos","143171G"
"Chaveiros Coloridos","143171L"
"Chaveiros Coloridos","143171P"
"Chaveiros Coloridos","143171V"
"Chaveiros Coloridos","143207P"
"Chaveiros Coloridos","143207V"
"Chaveiros Coloridos","143230A"
"Chaveiros Coloridos","143230P"
"Chaveiros Coloridos","143230V"
"Chaveiros Giratórios","143025"
"Chaveiros Giratórios","141780B"
"Chaveiros Giratórios","141780C"
"Chaveiros Giratórios","141780D"
"Chaveiros Giratórios","141780R"
"Chaveiros Giratórios","143136"
"Chaveiros Giratórios","143171A"
"Chaveiros Giratórios","143171G"
"Chaveiros Giratórios","143171L"
"Chaveiros Giratórios","143171P"
"Chaveiros Giratórios","143171V"
"Chaveiros Giratórios","143230A"
"Chaveiros Giratórios","143230P"
"Chaveiros Giratórios","143230V"
"Chaveiros Abridores de Garrafas","140873A"
"Chaveiros Abridores de Garrafas","140873P"
"Chaveiros Abridores de Garrafas","140873S"
"Chaveiros Abridores de Garrafas","140873V"
"Chaveiros Abridores de Garrafas","143121"
"Chaveiros Abridores de Garrafas","143235"
"Chaveiros Abridores de Garrafas","143236"
"Canivetes com Chaveiro","140068"
"Canivetes com Chaveiro","140070"
"Canivetes com Chaveiro","143156"
"Canivetes com Chaveiro","143157"
"Lanternas com Chaveiro","141837"
"Lanternas com Chaveiro","141837A"
"Lanternas com Chaveiro","141837S"
"Lanternas com Chaveiro","141837V"
"Lanternas com Chaveiro","141838"
"Lanternas com Chaveiro","141838A"
"Lanternas com Chaveiro","141838S"
"Lanternas com Chaveiro","141838V"
"Lanternas com Chaveiro","143020A"
"Lanternas com Chaveiro","143020P"
"Lanternas com Chaveiro","143020V"
"Lanternas com Chaveiro","143021A"
"Lanternas com Chaveiro","143021P"
"Lanternas com Chaveiro","143021V"
"Lanternas com Chaveiro","143139P"
"Lanternas com Chaveiro","143140A"
"Lanternas com Chaveiro","143140P"
"Lanternas com Chaveiro","143140S"
"Lanternas com Chaveiro","143140V"
"Lanternas com Chaveiro","143207P"
"Lanternas com Chaveiro","143207V"
"Lanternas com Chaveiro","143210"
"Luminárias para Leitura","141173"
"Luminárias para Leitura","143066"
"Luminárias para Leitura","143067"
"Luminárias para Leitura","143072"
"Luminárias para Leitura","143175"
"Luminárias para Leitura","143205A"
"Luminárias para Leitura","143205B"
"Luminárias para Leitura","143205C"
"Balanças para Cozinha","141231"
"Balanças para Cozinha","141232"
"Balanças para Uso Doméstico","139394"
"Balanças para Uso Doméstico","143075"
"Balanças para Uso Doméstico","143126P"
"Balanças para Uso Doméstico","143113"
"Categoria - Kits Executivos","140963A"
"Categoria - Kits Executivos","140963B"
"Categoria - Kits Executivos","140964A"
"Categoria - Kits Executivos","140964B"
"Categoria - Kits Executivos","141810"
"Categoria - Kits Executivos","141810A"
"Categoria - Kits Executivos","141810B"
"Categoria - Kits Executivos","143028"
"Chaveiros Formato de Objeto","140303"
"Chaveiros Formato de Objeto","140304"
"Chaveiros Formato de Objeto","140304A"
"Chaveiros Formato de Objeto","140304B"
"Chaveiros Formato de Objeto","143222"
"Chaveiros Formato de Objeto","143249"
"Chaveiros Formato de Objeto","143255"
"Chaveiros Formato de Objeto","143256"
"Chaveiros Linha Feminina","143249"
"Categoria - Chaveiros","137350A"
"Categoria - Chaveiros","137350B"
"Categoria - Chaveiros","137350K"
"Categoria - Chaveiros","137350L"
"Categoria - Chaveiros","137350P"
"Categoria - Chaveiros","137350R"
"Categoria - Chaveiros","139482L"
"Categoria - Chaveiros","139482M"
"Categoria - Chaveiros","140070"
"Categoria - Chaveiros","140303"
"Categoria - Chaveiros","140304"
"Categoria - Chaveiros","140304A"
"Categoria - Chaveiros","140304B"
"Categoria - Chaveiros","140873A"
"Categoria - Chaveiros","140873P"
"Categoria - Chaveiros","140873S"
"Categoria - Chaveiros","140873V"
"Categoria - Chaveiros","141705"
"Categoria - Chaveiros","141706"
"Categoria - Chaveiros","141709"
"Categoria - Chaveiros","141780B"
"Categoria - Chaveiros","141780C"
"Categoria - Chaveiros","141780D"
"Categoria - Chaveiros","141780R"
"Categoria - Chaveiros","141837"
"Categoria - Chaveiros","141837A"
"Categoria - Chaveiros","141837S"
"Categoria - Chaveiros","141837V"
"Categoria - Chaveiros","141838"
"Categoria - Chaveiros","141838A"
"Categoria - Chaveiros","141838S"
"Categoria - Chaveiros","141838V"
"Categoria - Chaveiros","141876P"
"Categoria - Chaveiros","143020A"
"Categoria - Chaveiros","143020P"
"Categoria - Chaveiros","143020V"
"Categoria - Chaveiros","143021A"
"Categoria - Chaveiros","143021P"
"Categoria - Chaveiros","143021V"
"Categoria - Chaveiros","143024"
"Categoria - Chaveiros","143025"
"Categoria - Chaveiros","143069R"
"Categoria - Chaveiros","143105"
"Categoria - Chaveiros","143121"
"Categoria - Chaveiros","143136"
"Categoria - Chaveiros","143139P"
"Categoria - Chaveiros","143140A"
"Categoria - Chaveiros","143140P"
"Categoria - Chaveiros","143140S"
"Categoria - Chaveiros","143140V"
"Categoria - Chaveiros","143151A"
"Categoria - Chaveiros","143151P"
"Categoria - Chaveiros","143151V"
"Categoria - Chaveiros","143156"
"Categoria - Chaveiros","143157"
"Categoria - Chaveiros","143158B"
"Categoria - Chaveiros","143158R"
"Categoria - Chaveiros","143164P"
"Categoria - Chaveiros","143170A"
"Categoria - Chaveiros","143170L"
"Categoria - Chaveiros","143170P"
"Categoria - Chaveiros","143170V"
"Categoria - Chaveiros","143171A"
"Categoria - Chaveiros","143171G"
"Categoria - Chaveiros","143171L"
"Categoria - Chaveiros","143171P"
"Categoria - Chaveiros","143171V"
"Categoria - Chaveiros","143191B"
"Categoria - Chaveiros","143191K"
"Categoria - Chaveiros","143191R"
"Categoria - Chaveiros","143207P"
"Categoria - Chaveiros","143207V"
"Categoria - Chaveiros","143210"
"Categoria - Chaveiros","143222"
"Categoria - Chaveiros","143230A"
"Categoria - Chaveiros","143230P"
"Categoria - Chaveiros","143230V"
"Categoria - Chaveiros","143235"
"Categoria - Chaveiros","143236"
"Categoria - Chaveiros","143249"
"Categoria - Chaveiros","143255"
"Categoria - Chaveiros","143256"
"Categoria - Chaveiros","143261"
"Categoria - Chaveiros","143262"
"Categoria - Chaveiros","143263"
"Categoria - Chaveiros","143264"
"Categoria - Chaveiros","143265"
"Categoria - Chaveiros","140963A"
"Categoria - Chaveiros","140963B"
"Categoria - Chaveiros","140964A"
"Categoria - Chaveiros","140964B"
"Categoria - Chaveiros","141810"
"Categoria - Chaveiros","141810A"
"Categoria - Chaveiros","141810B"
"Categoria - Chaveiros","143028"
"Chaveiros com Bússola","143210"
"Chaveiros com Bússola","141709"
"Lanternas com Ímã","143229A"
"Lanternas com Ímã","143229P"
"Lanternas com Ímã","143229V"
"Lanternas Portáteis","140888"
"Lanternas Portáteis","141864"
"Lanternas Portáteis","141864A"
"Lanternas Portáteis","141864V"
"Lanternas Portáteis","141872"
"Lanternas Portáteis","143138A"
"Lanternas Portáteis","143138P"
"Lanternas Portáteis","143138S"
"Lanternas Portáteis","143138V"
"Lanternas Portáteis","143140A"
"Lanternas Portáteis","143140P"
"Lanternas Portáteis","143140S"
"Lanternas Portáteis","143140V"
"Lanternas Portáteis","143273A"
"Lanternas Portáteis","143273P"
"Lanternas Portáteis","143273S"
"Lanternas Portáteis","143279A"
"Lanternas Portáteis","143279P"
"Lanternas Portáteis","143279S"
"Lanternas Portáteis","143229A"
"Lanternas Portáteis","143229P"
"Lanternas Portáteis","143229V"
"Chaveiros Abaulados","143024"
"Chaveiros Lisos","137350A"
"Chaveiros Lisos","137350B"
"Chaveiros Lisos","137350K"
"Chaveiros Lisos","137350L"
"Chaveiros Lisos","137350P"
"Chaveiros Lisos","137350R"
"Chaveiros Lisos","139482L"
"Chaveiros Lisos","139482M"
"Chaveiros Lisos","140070"
"Chaveiros Lisos","141705"
"Chaveiros Lisos","141706"
"Chaveiros Lisos","141780B"
"Chaveiros Lisos","141780C"
"Chaveiros Lisos","141780D"
"Chaveiros Lisos","141780R"
"Chaveiros Lisos","141876P"
"Chaveiros Lisos","143025"
"Chaveiros Lisos","143136"
"Chaveiros Lisos","143156"
"Chaveiros Lisos","143157"
"Chaveiros Lisos","143158B"
"Chaveiros Lisos","143158R"
"Chaveiros Lisos","143164P"
"Chaveiros Lisos","143170A"
"Chaveiros Lisos","143170L"
"Chaveiros Lisos","143170P"
"Chaveiros Lisos","143170V"
"Chaveiros Lisos","143171A"
"Chaveiros Lisos","143171G"
"Chaveiros Lisos","143171L"
"Chaveiros Lisos","143171P"
"Chaveiros Lisos","143171V"
"Chaveiros Lisos","143191B"
"Chaveiros Lisos","143191K"
"Chaveiros Lisos","143191R"
"Chaveiros Lisos","143222"
"Chaveiros Lisos","143230A"
"Chaveiros Lisos","143230P"
"Chaveiros Lisos","143230V"
"Chaveiros Lisos","143235"
"Chaveiros Lisos","143236"
"Chaveiros Lisos","143261"
"Moedores de Pimenta","141267"
"Moedores de Pimenta","141899"
"Moedores de Pimenta","141900"
"Moedores de Pimenta","143146"
"Moedores de Pimenta","143247"
"Moedores de Pimenta","143248"
"Moedores de Pimenta","143250"
"Diversos","140092A"
"Diversos","140252"
"Diversos","141253"
"Diversos","140888"
"Diversos","141709"
"Diversos","143123A"
"Diversos","143123P"
"Diversos","143210"
"Categoria - Lupas","140926"
"Categoria - Lupas","140927"
"Categoria - Lupas","143016"
"Categoria - Lupas","143239"
"Categoria - Lupas","143240"
"Chaveiros com Ferramentas","143151A"
"Chaveiros com Ferramentas","143151P"
"Chaveiros com Ferramentas","143151V"
"Chaveiros N. Sra. Aparecida","141713"
"Chaveiros N. Sra. Aparecida","141780"
"Chaveiros N. Sra. Aparecida","141797"
"Chaveiros N. Sra. Aparecida","141832"
"Chaveiros N. Sra. Aparecida","143019"
"Chaveiros N. Sra. Aparecida","143165A"
"Chaveiros N. Sra. Aparecida","143165I"
"Chaveiros N. Sra. Aparecida","143181"
"Chaveiros N. Sra. Aparecida","143200A"
"Chaveiros N. Sra. Aparecida","143201A"
"Chaveiros N. Sra. Aparecida","143209A"
"Chaveiros N. Sra. Aparecida","143213A"
"Chaveiros N. Sra. Aparecida","143231"
"Chaveiros N. Sra. Aparecida","143242"
"Categoria - Calculadoras","140401"
"Categoria - Calculadoras","140402"
"Categoria - Calculadoras","141253"
"Categoria - Calculadoras","141750P"
"Categoria - Calculadoras","143142"
"Categoria - Calculadoras","143142P"
"Categoria - Calculadoras","143174"
"Categoria - Calculadoras","143266"
"Categoria - Calculadoras","143102"
"Possivel reposicao","143171V"
"Possivel reposicao","141742Y"
"Categoria - Pinceis para Maquiagem","139385P"
"Categoria - Pinceis para Maquiagem","139385T"
"Categoria - Pinceis para Maquiagem","141873D"
"Categoria - Ferramentas","139454"
"Categoria - Ferramentas","139454A"
"Categoria - Ferramentas","140068"
"Categoria - Ferramentas","140070"
"Categoria - Ferramentas","140078"
"Categoria - Ferramentas","140310"
"Categoria - Ferramentas","140884"
"Categoria - Ferramentas","141235"
"Categoria - Ferramentas","141268"
"Categoria - Ferramentas","141283"
"Categoria - Ferramentas","141284"
"Categoria - Ferramentas","141764"
"Categoria - Ferramentas","141771"
"Categoria - Ferramentas","141774"
"Categoria - Ferramentas","141836"
"Categoria - Ferramentas","141839"
"Categoria - Ferramentas","141867"
"Categoria - Ferramentas","143001A"
"Categoria - Ferramentas","143001P"
"Categoria - Ferramentas","143001V"
"Categoria - Ferramentas","143013"
"Categoria - Ferramentas","143029"
"Categoria - Ferramentas","143058"
"Categoria - Ferramentas","143064"
"Categoria - Ferramentas","143085A"
"Categoria - Ferramentas","143085P"
"Categoria - Ferramentas","143085V"
"Categoria - Ferramentas","143122"
"Categoria - Ferramentas","143123A"
"Categoria - Ferramentas","143123P"
"Categoria - Ferramentas","143124"
"Categoria - Ferramentas","143130A"
"Categoria - Ferramentas","143130C"
"Categoria - Ferramentas","143130V"
"Categoria - Ferramentas","143150"
"Categoria - Ferramentas","143151A"
"Categoria - Ferramentas","143151P"
"Categoria - Ferramentas","143151V"
"Categoria - Ferramentas","143152"
"Categoria - Ferramentas","143156"
"Categoria - Ferramentas","143157"
"Categoria - Ferramentas","143182A"
"Categoria - Ferramentas","143182P"
"Categoria - Ferramentas","143182V"
"Categoria - Ferramentas","143193"
"Categoria - Ferramentas","143220"
"Categoria - Ferramentas","143221"
"Categoria - Ferramentas","143226A"
"Categoria - Ferramentas","143226P"
"Categoria - Ferramentas","143226V"
"Categoria - Ferramentas","143251"
"Categoria - Ferramentas","143252"
"Categoria - Ferramentas","143274"
"Categoria - Ferramentas","143291"
"Categoria - Ferramentas","143292A"
"Categoria - Ferramentas","143292P"
"Categoria - Ferramentas","143298A"
"Categoria - Ferramentas","143298P"
"Categoria - Ferramentas","143288"
"Categoria - Ferramentas","143289"
"Categoria - Ferramentas","143290"
"Ferramentas com Lanterna","141283"
"Ferramentas com Lanterna","141284"
"Ferramentas com Lanterna","143058"
"Ferramentas com Lanterna","143085A"
"Ferramentas com Lanterna","143085P"
"Ferramentas com Lanterna","143085V"
"Ferramentas com Lanterna","143130A"
"Ferramentas com Lanterna","143130C"
"Ferramentas com Lanterna","143130V"
"Ferramentas com Lanterna","143150"
"Ferramentas com Lanterna","143152"
"Ferramentas com Lanterna","143220"
"Ferramentas com Lanterna","143226A"
"Ferramentas com Lanterna","143226P"
"Ferramentas com Lanterna","143226V"
"Ferramentas com Lanterna","143288"
"Kits Ferramentas","140310"
"Kits Ferramentas","141235"
"Kits Ferramentas","141268"
"Kits Ferramentas","141283"
"Kits Ferramentas","141284"
"Kits Ferramentas","141764"
"Kits Ferramentas","141839"
"Kits Ferramentas","143001A"
"Kits Ferramentas","143001P"
"Kits Ferramentas","143001V"
"Kits Ferramentas","143029"
"Kits Ferramentas","143058"
"Kits Ferramentas","143085A"
"Kits Ferramentas","143085P"
"Kits Ferramentas","143085V"
"Kits Ferramentas","143122"
"Kits Ferramentas","143130A"
"Kits Ferramentas","143130C"
"Kits Ferramentas","143130V"
"Kits Ferramentas","143150"
"Kits Ferramentas","143151A"
"Kits Ferramentas","143151P"
"Kits Ferramentas","143151V"
"Kits Ferramentas","143152"
"Kits Ferramentas","143182A"
"Kits Ferramentas","143182P"
"Kits Ferramentas","143182V"
"Kits Ferramentas","143220"
"Kits Ferramentas","143221"
"Kits Ferramentas","143226A"
"Kits Ferramentas","143226P"
"Kits Ferramentas","143226V"
"Kits Ferramentas","143251"
"Kits Ferramentas","143252"
"Kits Ferramentas","143274"
"Kits Ferramentas","143291"
"Kits Ferramentas","143292A"
"Kits Ferramentas","143292P"
"Kits Ferramentas","143298A"
"Kits Ferramentas","143298P"
"Kits Ferramentas","143288"
"Kits Ferramentas","143289"
"Kits Ferramentas","143290"
"Categoria - Lanternas","140888"
"Categoria - Lanternas","141173"
"Categoria - Lanternas","141283"
"Categoria - Lanternas","141284"
"Categoria - Lanternas","141837"
"Categoria - Lanternas","141837A"
"Categoria - Lanternas","141837S"
"Categoria - Lanternas","141837V"
"Categoria - Lanternas","141838"
"Categoria - Lanternas","141838A"
"Categoria - Lanternas","141838S"
"Categoria - Lanternas","141838V"
"Categoria - Lanternas","141864"
"Categoria - Lanternas","141864A"
"Categoria - Lanternas","141864V"
"Categoria - Lanternas","141872"
"Categoria - Lanternas","143020A"
"Categoria - Lanternas","143020P"
"Categoria - Lanternas","143020V"
"Categoria - Lanternas","143021A"
"Categoria - Lanternas","143021P"
"Categoria - Lanternas","143021V"
"Categoria - Lanternas","143058"
"Categoria - Lanternas","143066"
"Categoria - Lanternas","143067"
"Categoria - Lanternas","143072"
"Categoria - Lanternas","143085A"
"Categoria - Lanternas","143085P"
"Categoria - Lanternas","143085V"
"Categoria - Lanternas","143130A"
"Categoria - Lanternas","143130C"
"Categoria - Lanternas","143130V"
"Categoria - Lanternas","143138A"
"Categoria - Lanternas","143138P"
"Categoria - Lanternas","143138S"
"Categoria - Lanternas","143138V"
"Categoria - Lanternas","143139P"
"Categoria - Lanternas","143140A"
"Categoria - Lanternas","143140P"
"Categoria - Lanternas","143140S"
"Categoria - Lanternas","143140V"
"Categoria - Lanternas","143150"
"Categoria - Lanternas","143152"
"Categoria - Lanternas","143175"
"Categoria - Lanternas","143205A"
"Categoria - Lanternas","143205B"
"Categoria - Lanternas","143205C"
"Categoria - Lanternas","143207P"
"Categoria - Lanternas","143207V"
"Categoria - Lanternas","143220"
"Categoria - Lanternas","143226A"
"Categoria - Lanternas","143226P"
"Categoria - Lanternas","143226V"
"Categoria - Lanternas","143229A"
"Categoria - Lanternas","143229P"
"Categoria - Lanternas","143229V"
"Categoria - Lanternas","143273A"
"Categoria - Lanternas","143273P"
"Categoria - Lanternas","143273S"
"Categoria - Lanternas","143279A"
"Categoria - Lanternas","143279P"
"Categoria - Lanternas","143279S"
"Categoria - Lanternas","143288"
"Copos","143116T"
"Copos","143096A"
"Copos","143096T"
"Copos","143096V"
"Categoria - Canecas","140902A"
"Categoria - Canecas","140902T"
"Categoria - Canecas","140902V"
"Categoria - Canecas","140975A"
"Categoria - Canecas","140975E"
"Categoria - Canecas","140975G"
"Categoria - Canecas","140975L"
"Categoria - Canecas","140975T"
"Categoria - Canecas","140975V"
"Categoria - Canecas","141295"
"Categoria - Canecas","141813"
"Categoria - Canecas","141821A"
"Categoria - Canecas","141821T"
"Categoria - Canecas","141883B"
"Categoria - Canecas","141883P"
"Categoria - Canecas","141883V"
"Categoria - Canecas","141884A"
"Categoria - Canecas","141884G"
"Categoria - Canecas","141884T"
"Categoria - Canecas","141884V"
"Categoria - Canecas","143038"
"Categoria - Canecas","143091A"
"Categoria - Canecas","143091C"
"Categoria - Canecas","143091T"
"Categoria - Canecas","143091V"
"Categoria - Canecas","143096A"
"Categoria - Canecas","143096T"
"Categoria - Canecas","143116T"
"Categoria - Canecas","143204"
"Categoria - Canecas","143219A"
"Categoria - Canecas","143219P"
"Categoria - Canecas","143219V"
"Categoria - Canecas","143096V"
"Categoria - Alicates","140310"
"Categoria - Alicates","140884"
"Categoria - Alicates","141771"
"Categoria - Alicates","141774"
"Categoria - Alicates","143122"
"Categoria - Alicates","143288"
"Categoria - Alicates","143289"
"Categoria - Alicates","143290"
"Categoria - Alicates","143291"
"Categoria - Alicates","143220"
"Categoria - Alicates","143221"
"Categoria - Alicates","143251"
"Categoria - Alicates","143274"
"Categoria - Blocos para Anotação","138499A"
"Categoria - Blocos para Anotação","138499P"
"Categoria - Blocos para Anotação","141244A"
"Categoria - Blocos para Anotação","141244P"
"Categoria - Blocos para Anotação","141854A"
"Categoria - Blocos para Anotação","141854P"
"Categoria - Blocos para Anotação","143077"
"Categoria - Blocos para Anotação","143078"
"Categoria - Blocos para Anotação","143132A"
"Categoria - Blocos para Anotação","143132C"
"Categoria - Blocos para Anotação","143132P"
"Categoria - Blocos para Anotação","143132V"
"Categoria - Blocos para Anotação","143159A"
"Categoria - Blocos para Anotação","143159B"
"Categoria - Blocos para Anotação","143159C"
"Categoria - Blocos para Anotação","143159L"
"Categoria - Blocos para Anotação","143159P"
"Categoria - Blocos para Anotação","143159V"
"Categoria - Blocos para Anotação","143161"
"Categoria - Blocos para Anotação","143203A"
"Categoria - Blocos para Anotação","143203B"
"Categoria - Blocos para Anotação","143203C"
"Categoria - Blocos para Anotação","143203V"
"Categoria - Blocos para Anotação","143232"
"Categoria - Blocos para Anotação","143233"
"Categoria - Blocos para Anotação","143234"
"Categoria - Blocos para Anotação","143297A"
"Categoria - Blocos para Anotação","143297P"
"Categoria - Blocos para Anotação","143297V"
"Categoria - Blocos para Anotação","143297W"
"Categoria - Blocos para Anotação","143323"
"Categoria - Blocos para Anotação","143323P"
"Categoria - Blocos para Anotação","143324"
"Categoria - Blocos para Anotação","143324P"
"Categoria - Blocos para Anotação","143325"
"Categoria - Blocos para Anotação","143325P"
"Categoria - Blocos para Anotação","143327"
"Cadernetas para Anotação","143324"
"Cadernetas para Anotação","143324P"
"Cadernetas para Anotação","143325"
"Cadernetas para Anotação","143325P"
"Cadernetas para Anotação","143326"
"Cadernetas para Anotação","143327"
"Squeezes de Plástico","143143A"
"Squeezes de Plástico","143143G"
"Squeezes de Plástico","143143P"
"Squeezes de Plástico","143143V"
"Squeezes de Plástico","143176A"
"Squeezes de Plástico","143176B"
"Squeezes de Plástico","143176C"
"Squeezes de Plástico","143176G"
"Squeezes de Plástico","143176L"
"Squeezes de Plástico","143176P"
"Squeezes de Plástico","143176R"
"Squeezes de Plástico","143176V"
"Squeezes de Plástico","143176Y"
"Squeezes de Plástico","143186A"
"Squeezes de Plástico","143186G"
"Squeezes de Plástico","143186P"
"Squeezes de Plástico","143186V"
"Squeezes de Plástico","143192A"
"Squeezes de Plástico","143192P"
"Squeezes de Plástico","143192V"
"Squeezes de Plástico","143243P"
"Squeezes de Plástico","143244P"
"Squeezes de Plástico","143245A"
"Squeezes de Plástico","143245P"
"Squeezes de Plástico","143246A"
"Squeezes de Plástico","143246P"
"Squeezes de Plástico","143302A"
"Squeezes de Plástico","143302G"
"Squeezes de Plástico","143302P"
"Squeezes de Plástico","143302R"
"Categoria - Porta Comprimidos","143237"
"Categoria - Porta Comprimidos","143238"
"Categoria - Porta Comprimidos","143299V"
"Categoria - Porta Comprimidos","143300W"
"Categoria - Porta Comprimidos","143301V"
"Categoria - Porta Comprimidos","143319"
"Categoria - Porta Comprimidos","143320"
"Categoria - Porta Comprimidos","143321"
"Categoria - Canivetes","139454"
"Categoria - Canivetes","139454A"
"Categoria - Canivetes","140068"
"Categoria - Canivetes","140070"
"Categoria - Canivetes","140078"
"Categoria - Canivetes","140884"
"Categoria - Canivetes","141771"
"Categoria - Canivetes","141774"
"Categoria - Canivetes","141836"
"Categoria - Canivetes","141867"
"Categoria - Canivetes","143013"
"Categoria - Canivetes","143064"
"Categoria - Canivetes","143123A"
"Categoria - Canivetes","143123P"
"Categoria - Canivetes","143156"
"Categoria - Canivetes","143157"
"Categoria - Canivetes","143193"
"Categoria - Canivetes","143322"
"Categoria - Kits Churrascos","141200"
"Categoria - Kits Churrascos","141734"
"Categoria - Kits Churrascos","141868"
"Categoria - Kits Churrascos","141868C"
"Categoria - Kits Churrascos","141869"
"Categoria - Kits Churrascos","141889"
"Categoria - Kits Churrascos","141890P"
"Categoria - Kits Churrascos","143004P"
"Categoria - Kits Churrascos","143023"
"Categoria - Kits Churrascos","143035"
"Categoria - Kits Churrascos","143035P"
"Categoria - Kits Churrascos","143036"
"Categoria - Kits Churrascos","143092"
"Categoria - Kits Churrascos","143107P"
"Categoria - Kits Churrascos","143129"
"Categoria - Kits Churrascos","143166"
"Categoria - Kits Churrascos","143167"
"Categoria - Kits Churrascos","143133"
"Categoria - Kits Churrascos","143134"
"Categoria - Kits Churrascos","143135"
"Categoria - Kits Churrascos","143168G"
"Categoria - Kits Churrascos","143183"
"Categoria - Kits Churrascos","143184"
"Categoria - Kits Churrascos","143199"
"Categoria - Kits Churrascos","143214"
"Categoria - Kits Churrascos","143215"
"Categoria - Kits Churrascos","143223"
"Categoria - Kits Churrascos","143224"
"Categoria - Kits Churrascos","143225"
"Categoria - Kits Churrascos","143267"
"Categoria - Kits Churrascos","143268"
"Categoria - Kits Churrascos","143271"
"Categoria - Kits Churrascos","143282"
"Categoria - Kits Churrascos","143283"
"Categoria - Kits Churrascos","143284"
"Categoria - Kits Churrascos","143329"
"Categoria - Kits Churrascos","143328"
"Categoria - Kits Manicures","139388"
"Categoria - Kits Manicures","140121"
"Categoria - Kits Manicures","140879"
"Categoria - Kits Manicures","141851S"
"Categoria - Kits Manicures","141851V"
"Categoria - Kits Manicures","143128"
"Categoria - Kits Manicures","143155"
"Categoria - Kits Manicures","143317P"
"Categoria - Kits Manicures","143317R"
"Categoria - Kits Manicures","143317S"
"Categoria - Kits Manicures","143318P"
"Categoria - Kits Manicures","143318S"
"Categoria - Kits Manicures","143293A"
"Categoria - Kits Manicures","143293P"
"Categoria - Kits Manicures","143293V"
"Categoria - Kits Manicures","143316P"
"Categoria - Kits Manicures","143316R"
"Categoria - Kits Manicures","143316S"
"Kits Manicures Femininos","139388"
"Kits Manicures Femininos","140121"
"Kits Manicures Femininos","141851S"
"Kits Manicures Femininos","141851V"
"Kits Manicures Femininos","143128"
"Kits Manicures Femininos","143317P"
"Kits Manicures Femininos","143317R"
"Kits Manicures Femininos","143317S"
"Kits Manicures Femininos","143318P"
"Kits Manicures Femininos","143318S"
"Kits Manicures Femininos","143293A"
"Kits Manicures Femininos","143293P"
"Kits Manicures Femininos","143293V"
"Kits Manicures Femininos","143316P"
"Kits Manicures Femininos","143316R"
"Kits Manicures Femininos","143316S"
"Categoria - Porta Celulares","143261"
"Categoria - Porta Celulares","143278"
"Categoria - Porta Celulares","143295A"
"Categoria - Porta Celulares","143295P"
"Categoria - Porta Celulares","143295V"
"Categoria - Porta Celulares","143295W"
"Categoria - Porta Celulares","143310"
"Categoria - Porta Celulares","143311"
"Categoria - Porta Celulares","143313A"
"Categoria - Porta Celulares","143313P"
"Categoria - Porta Celulares","143313V"
"Categoria - Porta Celulares","143313W"
"Categoria - Porta Celulares","143314A"
"Categoria - Porta Celulares","143314P"
"Categoria - Porta Celulares","143314V"
"Categoria - Porta Celulares","143314W"
"Categoria - Porta Celulares","143296A"
"Categoria - Porta Celulares","143296P"
"Categoria - Porta Celulares","143296W"
"Categoria - Porta Celulares","143312"
"Power Banks","143303"
"Power Banks","143304"
"Power Banks","143306P"
"Power Banks","143306W"
"Power Banks","143307"
"Power Banks","143308"
"Power Banks","143309"
"Power Banks","143315"
"Categoria - Garrafas","140395"
"Categoria - Garrafas","141018"
"Categoria - Garrafas","141018A"
"Categoria - Garrafas","141018B"
"Categoria - Garrafas","141018G"
"Categoria - Garrafas","141018V"
"Categoria - Garrafas","141019"
"Categoria - Garrafas","141019A"
"Categoria - Garrafas","141019B"
"Categoria - Garrafas","141019V"
"Categoria - Garrafas","141266"
"Categoria - Garrafas","141306"
"Categoria - Garrafas","141307"
"Categoria - Garrafas","141716"
"Categoria - Garrafas","141719"
"Categoria - Garrafas","141742"
"Categoria - Garrafas","141742A"
"Categoria - Garrafas","141742B"
"Categoria - Garrafas","141742G"
"Categoria - Garrafas","141742L"
"Categoria - Garrafas","141742V"
"Categoria - Garrafas","141742W"
"Categoria - Garrafas","141742Y"
"Categoria - Garrafas","141825P"
"Categoria - Garrafas","143027"
"Categoria - Garrafas","143027A"
"Categoria - Garrafas","143027V"
"Categoria - Garrafas","143040"
"Categoria - Garrafas","143143A"
"Categoria - Garrafas","143143G"
"Categoria - Garrafas","143143P"
"Categoria - Garrafas","143143V"
"Categoria - Garrafas","143147A"
"Categoria - Garrafas","143147P"
"Categoria - Garrafas","143147V"
"Categoria - Garrafas","143176A"
"Categoria - Garrafas","143176B"
"Categoria - Garrafas","143176C"
"Categoria - Garrafas","143176G"
"Categoria - Garrafas","143176L"
"Categoria - Garrafas","143176P"
"Categoria - Garrafas","143176R"
"Categoria - Garrafas","143176V"
"Categoria - Garrafas","143176Y"
"Categoria - Garrafas","143186A"
"Categoria - Garrafas","143186G"
"Categoria - Garrafas","143186P"
"Categoria - Garrafas","143186V"
"Categoria - Garrafas","143187A"
"Categoria - Garrafas","143187S"
"Categoria - Garrafas","143187V"
"Categoria - Garrafas","143192A"
"Categoria - Garrafas","143192P"
"Categoria - Garrafas","143192V"
"Categoria - Garrafas","143217A"
"Categoria - Garrafas","143217S"
"Categoria - Garrafas","143217V"
"Categoria - Garrafas","143218A"
"Categoria - Garrafas","143218S"
"Categoria - Garrafas","143218V"
"Categoria - Garrafas","143243P"
"Categoria - Garrafas","143244P"
"Categoria - Garrafas","143245A"
"Categoria - Garrafas","143245P"
"Categoria - Garrafas","143246A"
"Categoria - Garrafas","143246P"
"Categoria - Garrafas","143275A"
"Categoria - Garrafas","143275D"
"Categoria - Garrafas","143275P"
"Categoria - Garrafas","143275S"
"Categoria - Garrafas","143275W"
"Categoria - Garrafas","143280D"
"Categoria - Garrafas","143280S"
"Categoria - Garrafas","143281A"
"Categoria - Garrafas","143281D"
"Categoria - Garrafas","143281P"
"Categoria - Garrafas","143281S"
"Categoria - Garrafas","143281V"
"Categoria - Garrafas","143302A"
"Categoria - Garrafas","143302G"
"Categoria - Garrafas","143302P"
"Categoria - Garrafas","143302R"
"Categoria - Garrafas","143280A"
"Categoria - Garrafas","143280P"
"Categoria - Garrafas","143280V"
"Squeezes","141018"
"Squeezes","141018A"
"Squeezes","141018B"
"Squeezes","141018G"
"Squeezes","141018V"
"Squeezes","141019"
"Squeezes","141019A"
"Squeezes","141019B"
"Squeezes","141019V"
"Squeezes","141742"
"Squeezes","141742A"
"Squeezes","141742B"
"Squeezes","141742G"
"Squeezes","141742L"
"Squeezes","141742V"
"Squeezes","141742W"
"Squeezes","141742Y"
"Squeezes","141825P"
"Squeezes","143027"
"Squeezes","143027A"
"Squeezes","143027V"
"Squeezes","143143A"
"Squeezes","143143G"
"Squeezes","143143P"
"Squeezes","143143V"
"Squeezes","143147A"
"Squeezes","143147P"
"Squeezes","143147V"
"Squeezes","143176A"
"Squeezes","143176B"
"Squeezes","143176C"
"Squeezes","143176G"
"Squeezes","143176L"
"Squeezes","143176P"
"Squeezes","143176R"
"Squeezes","143176V"
"Squeezes","143176Y"
"Squeezes","143186A"
"Squeezes","143186G"
"Squeezes","143186P"
"Squeezes","143186V"
"Squeezes","143192A"
"Squeezes","143192P"
"Squeezes","143192V"
"Squeezes","143217A"
"Squeezes","143217S"
"Squeezes","143217V"
"Squeezes","143218A"
"Squeezes","143218S"
"Squeezes","143218V"
"Squeezes","143243P"
"Squeezes","143244P"
"Squeezes","143245A"
"Squeezes","143245P"
"Squeezes","143246A"
"Squeezes","143246P"
"Squeezes","140395"
"Squeezes","141266"
"Squeezes","141719"
"Squeezes","143040"
"Squeezes","143187A"
"Squeezes","143187S"
"Squeezes","143187V"
"Squeezes","143275A"
"Squeezes","143275D"
"Squeezes","143275P"
"Squeezes","143275S"
"Squeezes","143280D"
"Squeezes","143280S"
"Squeezes","143275W"
"Squeezes","143281A"
"Squeezes","143281D"
"Squeezes","143281P"
"Squeezes","143281S"
"Squeezes","143281V"
"Squeezes","143302A"
"Squeezes","143302G"
"Squeezes","143302P"
"Squeezes","143302R"
"Squeezes","143280A"
"Squeezes","143280P"
"Squeezes","143280V"
"Squeezes de Inox","141018"
"Squeezes de Inox","141018A"
"Squeezes de Inox","141018B"
"Squeezes de Inox","141018G"
"Squeezes de Inox","141018V"
"Squeezes de Inox","141019"
"Squeezes de Inox","141019A"
"Squeezes de Inox","141019B"
"Squeezes de Inox","141019V"
"Squeezes de Inox","141742"
"Squeezes de Inox","141742A"
"Squeezes de Inox","141742B"
"Squeezes de Inox","141742G"
"Squeezes de Inox","141742L"
"Squeezes de Inox","141742V"
"Squeezes de Inox","141742W"
"Squeezes de Inox","141742Y"
"Squeezes de Inox","141825P"
"Squeezes de Inox","143027"
"Squeezes de Inox","143027A"
"Squeezes de Inox","143027V"
"Squeezes de Inox","143147A"
"Squeezes de Inox","143147P"
"Squeezes de Inox","143147V"
"Squeezes de Inox","143217A"
"Squeezes de Inox","143217S"
"Squeezes de Inox","143217V"
"Squeezes de Inox","143218A"
"Squeezes de Inox","143218S"
"Squeezes de Inox","143218V"
"Squeezes de Inox","140395"
"Squeezes de Inox","141266"
"Squeezes de Inox","141719"
"Squeezes de Inox","143040"
"Squeezes de Inox","143187A"
"Squeezes de Inox","143187S"
"Squeezes de Inox","143187V"
"Squeezes de Inox","143275A"
"Squeezes de Inox","143275D"
"Squeezes de Inox","143275P"
"Squeezes de Inox","143280D"
"Squeezes de Inox","143280S"
"Squeezes de Inox","143275S"
"Squeezes de Inox","143275W"
"Squeezes de Inox","143281A"
"Squeezes de Inox","143281D"
"Squeezes de Inox","143281P"
"Squeezes de Inox","143281S"
"Squeezes de Inox","143281V"
"Squeezes de Inox","143280A"
"Squeezes de Inox","143280P"
"Squeezes de Inox","143280V"
"Garrafas","140395"
"Garrafas","141719"
"Garrafas","141266"
"Garrafas","143040"
"Garrafas","143187A"
"Garrafas","143187S"
"Garrafas","143187V"
"Garrafas","143275A"
"Garrafas","143275D"
"Garrafas","143275P"
"Garrafas","143275S"
"Garrafas","143275W"
"Garrafas","143280D"
"Garrafas","143280S"
"Garrafas","143281A"
"Garrafas","143281D"
"Garrafas","143281P"
"Garrafas","143281S"
"Garrafas","143281V"
"Garrafas","143280A"
"Garrafas","143280P"
"Garrafas","143280V"
"Abridores de Garrafas","140873A"
"Abridores de Garrafas","140873P"
"Abridores de Garrafas","140873S"
"Abridores de Garrafas","140873V"
"Abridores de Garrafas","143099"
"Abridores de Garrafas","143099A"
"Abridores de Garrafas","143099V"
"Abridores de Garrafas","143121"
"Abridores de Garrafas","143235"
"Abridores de Garrafas","143236"
"Abridores de Garrafas","143294A"
"Abridores de Garrafas","143294B"
"Abridores de Garrafas","143294G"
"Abridores de Garrafas","143330"
"Categoria - Kits Vinhos","140135"
"Categoria - Kits Vinhos","141730"
"Categoria - Kits Vinhos","141739"
"Categoria - Kits Vinhos","141816"
"Categoria - Kits Vinhos","141891P"
"Categoria - Kits Vinhos","141892P"
"Categoria - Kits Vinhos","143059"
"Categoria - Kits Vinhos","143060"
"Categoria - Kits Vinhos","143062"
"Categoria - Kits Vinhos","143083"
"Categoria - Kits Vinhos","143084"
"Categoria - Kits Vinhos","143099"
"Categoria - Kits Vinhos","143099A"
"Categoria - Kits Vinhos","143099V"
"Categoria - Kits Vinhos","143106A"
"Categoria - Kits Vinhos","143114"
"Categoria - Kits Vinhos","143172"
"Categoria - Kits Vinhos","143180"
"Categoria - Kits Vinhos","143190"
"Categoria - Kits Vinhos","143211P"
"Categoria - Kits Vinhos","143228A"
"Categoria - Kits Vinhos","143228P"
"Categoria - Kits Vinhos","143276"
"Categoria - Kits Vinhos","143277"
"Categoria - Kits Vinhos","143287"
"Categoria - Kits Vinhos","143285"
"Categoria - Kits Vinhos","143286"
"Categoria - Kits Vinhos","143330"
"Categoria - Saca-Rolhas","140135"
"Categoria - Saca-Rolhas","141730"
"Categoria - Saca-Rolhas","141739"
"Categoria - Saca-Rolhas","141816"
"Categoria - Saca-Rolhas","143099"
"Categoria - Saca-Rolhas","143099A"
"Categoria - Saca-Rolhas","143099V"
"Categoria - Saca-Rolhas","143114"
"Categoria - Saca-Rolhas","143172"
"Categoria - Saca-Rolhas","143228A"
"Categoria - Saca-Rolhas","143228P"
"Categoria - Saca-Rolhas","143330"
"Categoria - Mouse Pads","140401"
"Categoria - Mouse Pads","140402"
"Categoria - Mouse Pads","143142"
"Categoria - Mouse Pads","143142P"
"Novidades","143280A"
